{"dist": [[-0.3461450432812458, 1.967965139223137, -0.0034685234997572398, 0.0006683648198911862, -2.080420032739111]],
  "mtx": [[280.32911629733746, 0.0, 157.35896864415602],
    [0.0, 278.7562242682334, 125.2539659712606],
    [0.0, 0.0, 1.0]]}